,No.,Pos.,Player,Caps,Goals,Club,Country,Team,DOB,age
0,1,1GK,Essam El-Hadary (captain),158,0,Al-Taawoun,Saudi Arabia,Egypt,1973-01-15,45
1,2,2DF,Ali Gabr,21,1,West Bromwich Albion,England,Egypt,1989-01-01,29
2,3,2DF,Ahmed Elmohamady,78,2,Aston Villa,England,Egypt,1987-09-09,30
3,4,3MF,Omar Gaber,24,0,Los Angeles FC,United States,Egypt,1992-01-30,26
4,5,3MF,Sam Morsy,5,0,Wigan Athletic,England,Egypt,1991-09-10,26
5,6,2DF,Ahmed Hegazi,45,1,West Bromwich Albion,England,Egypt,1991-01-25,27
6,7,2DF,Ahmed Fathy,126,3,Al Ahly,Egypt,Egypt,1984-11-10,33
7,8,3MF,Tarek Hamed,21,0,Zamalek,Egypt,Egypt,1988-10-24,29
8,9,4FW,Marwan Mohsen,24,4,Al Ahly,Egypt,Egypt,1989-02-26,29
9,10,4FW,Mohamed Salah,57,33,Liverpool,England,Egypt,1992-06-15,25
10,11,4FW,Kahraba,19,3,Al-Ittihad,Saudi Arabia,Egypt,1994-04-13,24
11,12,2DF,Ayman Ashraf,4,0,Al Ahly,Egypt,Egypt,1991-04-09,27
12,13,2DF,Mohamed Abdel-Shafy,51,1,Al-Fateh,Saudi Arabia,Egypt,1985-07-01,32
13,14,4FW,Ramadan Sobhi,23,1,Stoke City,England,Egypt,1997-01-23,21
14,15,2DF,Mahmoud Hamdy,0,0,Zamalek,Egypt,Egypt,1995-06-01,23
15,16,1GK,Sherif Ekramy,22,0,Al Ahly,Egypt,Egypt,1983-07-10,34
16,17,3MF,Mohamed Elneny,61,5,Arsenal,England,Egypt,1992-07-11,25
17,18,4FW,Shikabala,29,2,Al-Raed,Saudi Arabia,Egypt,1986-03-05,32
18,19,3MF,Abdallah Said,36,6,KuPS,Finland,Egypt,1985-07-13,32
19,20,2DF,Saad Samir,11,0,Al Ahly,Egypt,Egypt,1989-04-01,29
20,21,3MF,Trézéguet,24,2,Kasımpaşa,Turkey,Egypt,1994-10-01,23
21,22,4FW,Amr Warda,16,0,Atromitos,Greece,Egypt,1993-09-17,24
22,23,1GK,Mohamed El-Shenawy,3,0,Al Ahly,Egypt,Egypt,1988-12-18,29
0,1,1GK,Igor Akinfeev (captain),106,0,CSKA Moscow,Russia,Russia,1986-04-08,32
1,2,2DF,Mário Fernandes,5,0,CSKA Moscow,Russia,Russia,1990-09-19,27
2,3,2DF,Ilya Kutepov,7,0,Spartak Moscow,Russia,Russia,1993-07-29,24
3,4,2DF,Sergei Ignashevich,122,8,CSKA Moscow,Russia,Russia,1979-07-14,38
4,5,2DF,Andrei Semyonov,6,0,Akhmat Grozny,Russia,Russia,1989-03-24,29
5,6,3MF,Denis Cheryshev,11,0,Villarreal,Spain,Russia,1990-12-26,27
6,7,3MF,Daler Kuzyayev,6,0,Zenit Saint Petersburg,Russia,Russia,1993-01-15,25
7,8,3MF,Yury Gazinsky,6,0,Krasnodar,Russia,Russia,1989-07-20,28
8,9,3MF,Alan Dzagoev,57,9,CSKA Moscow,Russia,Russia,1990-06-17,27
9,10,4FW,Fyodor Smolov,32,12,Krasnodar,Russia,Russia,1990-02-09,28
10,11,3MF,Roman Zobnin,12,0,Spartak Moscow,Russia,Russia,1994-02-11,24
11,12,1GK,Andrey Lunyov,3,0,Zenit Saint Petersburg,Russia,Russia,1991-11-13,26
12,13,2DF,Fyodor Kudryashov,19,0,Rubin Kazan,Russia,Russia,1987-04-05,31
13,14,2DF,Vladimir Granat,12,1,Rubin Kazan,Russia,Russia,1987-05-22,31
14,15,3MF,Aleksei Miranchuk,18,4,Lokomotiv Moscow,Russia,Russia,1995-10-17,22
15,16,3MF,Anton Miranchuk,6,0,Lokomotiv Moscow,Russia,Russia,1995-10-17,22
16,17,3MF,Aleksandr Golovin,19,2,CSKA Moscow,Russia,Russia,1996-05-30,22
17,18,3MF,Yuri Zhirkov,84,2,Zenit Saint Petersburg,Russia,Russia,1983-08-20,34
18,19,3MF,Aleksandr Samedov,48,7,Spartak Moscow,Russia,Russia,1984-07-19,33
19,20,1GK,Vladimir Gabulov,10,0,Club Brugge,Belgium,Russia,1983-10-19,34
20,21,3MF,Aleksandr Yerokhin,17,0,Zenit Saint Petersburg,Russia,Russia,1989-10-13,28
21,22,4FW,Artem Dzyuba,23,11,Arsenal Tula,Russia,Russia,1988-08-22,29
22,23,2DF,Igor Smolnikov,27,0,Zenit Saint Petersburg,Russia,Russia,1988-08-08,29
0,1,1GK,Abdullah Al-Mayouf,11,0,Al-Hilal,Saudi Arabia,Saudi Arabia,1987-01-23,31
1,2,2DF,Mansoor Al-Harbi,40,1,Al-Ahli,Saudi Arabia,Saudi Arabia,1987-10-19,30
2,3,2DF,Osama Hawsawi (captain),135,7,Al-Hilal,Saudi Arabia,Saudi Arabia,1984-03-31,34
3,4,2DF,Ali Al-Bulaihi,4,0,Al-Hilal,Saudi Arabia,Saudi Arabia,1989-11-21,28
4,5,2DF,Omar Hawsawi,42,3,Al-Nassr,Saudi Arabia,Saudi Arabia,1985-09-27,32
5,6,2DF,Mohammed Al-Breik,11,1,Al-Hilal,Saudi Arabia,Saudi Arabia,1992-09-15,25
6,7,3MF,Salman Al-Faraj,43,3,Al-Hilal,Saudi Arabia,Saudi Arabia,1989-08-01,28
7,8,3MF,Yahya Al-Shehri,57,8,Leganés,Spain,Saudi Arabia,1990-06-26,27
8,9,3MF,Hattan Bahebri,5,0,Al-Shabab,Saudi Arabia,Saudi Arabia,1992-07-16,25
9,10,4FW,Mohammad Al-Sahlawi,40,28,Al-Nassr,Saudi Arabia,Saudi Arabia,1987-01-10,31
10,11,3MF,Abdulmalek Al-Khaibri,36,0,Al-Hilal,Saudi Arabia,Saudi Arabia,1986-03-13,32
11,12,3MF,Mohamed Kanno,6,1,Al-Hilal,Saudi Arabia,Saudi Arabia,1994-09-22,23
12,13,2DF,Yasser Al-Shahrani,37,0,Al-Hilal,Saudi Arabia,Saudi Arabia,1992-05-25,26
13,14,3MF,Abdullah Otayf,16,1,Al-Hilal,Saudi Arabia,Saudi Arabia,1992-08-03,25
14,15,3MF,Abdullah Al-Khaibari,5,0,Al-Shabab,Saudi Arabia,Saudi Arabia,1996-08-16,21
15,16,3MF,Housain Al-Mogahwi,18,1,Al-Ahli,Saudi Arabia,Saudi Arabia,1988-03-24,30
16,17,3MF,Taisir Al-Jassim,132,19,Al-Ahli,Saudi Arabia,Saudi Arabia,1984-07-25,33
17,18,3MF,Salem Al-Dawsari,33,4,Villarreal,Spain,Saudi Arabia,1991-08-19,26
18,19,4FW,Fahad Al-Muwallad,45,10,Levante,Spain,Saudi Arabia,1994-09-14,23
19,20,4FW,Muhannad Assiri,18,4,Al-Ahli,Saudi Arabia,Saudi Arabia,1986-10-14,31
20,21,1GK,Yasser Al-Mosailem,32,0,Al-Ahli,Saudi Arabia,Saudi Arabia,1984-02-27,34
21,22,1GK,Mohammed Al-Owais,6,0,Al-Ahli,Saudi Arabia,Saudi Arabia,1991-10-10,26
22,23,2DF,Motaz Hawsawi,17,0,Al-Ahli,Saudi Arabia,Saudi Arabia,1992-02-17,26
0,1,1GK,Fernando Muslera,97,0,Galatasaray,Turkey,Uruguay,1986-06-16,31
1,2,2DF,José Giménez,42,5,Atlético Madrid,Spain,Uruguay,1995-01-20,23
2,3,2DF,Diego Godín (captain),116,8,Atlético Madrid,Spain,Uruguay,1986-02-16,32
3,4,2DF,Guillermo Varela,3,0,Peñarol,Uruguay,Uruguay,1993-03-24,25
4,5,3MF,Carlos Sánchez,36,1,Monterrey,Mexico,Uruguay,1984-12-02,33
5,6,3MF,Rodrigo Bentancur,7,0,Juventus,Italy,Uruguay,1997-06-25,20
6,7,3MF,Cristian Rodríguez,105,11,Peñarol,Uruguay,Uruguay,1985-09-30,32
7,8,3MF,Nahitan Nández,12,0,Boca Juniors,Argentina,Uruguay,1995-12-28,22
8,9,4FW,Luis Suárez,98,51,Barcelona,Spain,Uruguay,1987-01-24,31
9,10,4FW,Giorgian De Arrascaeta,14,2,Cruzeiro,Brazil,Uruguay,1994-06-01,24
10,11,4FW,Cristhian Stuani,41,5,Girona,Spain,Uruguay,1986-10-12,31
11,12,1GK,Martín Campaña,1,0,Independiente,Argentina,Uruguay,1989-05-29,29
12,13,2DF,Gastón Silva,17,0,Independiente,Argentina,Uruguay,1994-03-05,24
13,14,3MF,Lucas Torreira,3,0,Sampdoria,Italy,Uruguay,1996-02-11,22
14,15,3MF,Matías Vecino,22,1,Inter Milan,Italy,Uruguay,1991-08-24,26
15,16,2DF,Maxi Pereira,125,3,Porto,Portugal,Uruguay,1984-06-08,34
16,17,3MF,Diego Laxalt,6,0,Genoa,Italy,Uruguay,1993-02-07,25
17,18,4FW,Maxi Gómez,5,0,Celta Vigo,Spain,Uruguay,1996-08-14,21
18,19,2DF,Sebastián Coates,30,1,Sporting CP,Portugal,Uruguay,1990-10-07,27
19,20,4FW,Jonathan Urretaviscaya,4,0,Monterrey,Mexico,Uruguay,1990-03-19,28
20,21,4FW,Edinson Cavani,101,42,Paris Saint-Germain,France,Uruguay,1987-02-14,31
21,22,2DF,Martín Cáceres,76,4,Lazio,Italy,Uruguay,1987-04-07,31
22,23,1GK,Martín Silva,11,0,Vasco da Gama,Brazil,Uruguay,1983-03-25,35
0,1,1GK,Alireza Beiranvand,22,0,Persepolis,Iran,Iran,1992-09-21,25
1,2,3MF,Mehdi Torabi,17,4,Saipa,Iran,Iran,1994-09-10,23
2,3,2DF,Ehsan Hajsafi,94,6,Olympiacos,Greece,Iran,1990-02-25,28
3,4,2DF,Rouzbeh Cheshmi,10,1,Esteghlal,Iran,Iran,1993-07-24,24
4,5,2DF,Milad Mohammadi,19,0,Akhmat Grozny,Russia,Iran,1993-09-29,24
5,6,3MF,Saeid Ezatolahi,25,1,Amkar Perm,Russia,Iran,1996-10-01,21
6,7,3MF,Masoud Shojaei (captain),74,8,AEK Athens,Greece,Iran,1984-06-09,34
7,8,2DF,Morteza Pouraliganji,27,2,Al-Sadd,Qatar,Iran,1992-04-19,26
8,9,3MF,Omid Ebrahimi,30,0,Esteghlal,Iran,Iran,1987-09-16,30
9,10,4FW,Karim Ansarifard,64,17,Olympiacos,Greece,Iran,1990-04-03,28
10,11,3MF,Vahid Amiri,36,1,Persepolis,Iran,Iran,1988-04-02,30
11,12,1GK,Mohammad Rashid Mazaheri,3,0,Zob Ahan,Iran,Iran,1989-05-18,29
12,13,2DF,Mohammad Reza Khanzadeh,11,1,Padideh,Iran,Iran,1991-05-11,27
13,14,4FW,Saman Ghoddos,8,1,Östersund,Sweden,Iran,1993-09-06,24
14,15,2DF,Pejman Montazeri,46,1,Esteghlal,Iran,Iran,1983-09-06,34
15,16,4FW,Reza Ghoochannejhad,43,17,Heerenveen,Netherlands,Iran,1987-09-20,30
16,17,4FW,Mehdi Taremi,26,11,Al-Gharafa,Qatar,Iran,1992-07-18,25
17,18,4FW,Alireza Jahanbakhsh,38,4,AZ,Netherlands,Iran,1993-08-11,24
18,19,2DF,Majid Hosseini,1,0,Esteghlal,Iran,Iran,1996-06-20,21
19,20,4FW,Sardar Azmoun,33,23,Rubin Kazan,Russia,Iran,1995-01-01,23
20,21,4FW,Ashkan Dejagah,46,9,Nottingham Forest,England,Iran,1986-07-05,31
21,22,1GK,Amir Abedzadeh,1,0,Marítimo,Portugal,Iran,1993-04-26,25
22,23,2DF,Ramin Rezaeian,28,2,Oostende,Belgium,Iran,1990-03-21,28
0,1,1GK,Yassine Bounou,11,0,Girona,Spain,Morocco,1991-04-05,27
1,2,2DF,Achraf Hakimi,10,1,Real Madrid,Spain,Morocco,1998-11-04,19
2,3,2DF,Hamza Mendyl,13,0,Lille,France,Morocco,1997-10-21,20
3,4,2DF,Manuel da Costa,28,1,İstanbul Başakşehir,Turkey,Morocco,1986-05-06,32
4,5,2DF,Medhi Benatia (captain),57,2,Juventus,Italy,Morocco,1987-04-17,31
5,6,2DF,Romain Saïss,24,1,Wolverhampton Wanderers,England,Morocco,1990-03-26,28
6,7,3MF,Hakim Ziyech,18,9,Ajax,Netherlands,Morocco,1993-03-19,25
7,8,3MF,Karim El Ahmadi,51,1,Feyenoord,Netherlands,Morocco,1985-01-27,33
8,9,4FW,Ayoub El Kaabi,10,11,RS Berkane,Morocco,Morocco,1993-06-25,24
9,10,3MF,Younès Belhanda,47,5,Galatasaray,Turkey,Morocco,1990-02-25,28
10,11,3MF,Fayçal Fajr,23,2,Getafe,Spain,Morocco,1988-08-01,29
11,12,1GK,Munir Mohamedi,27,0,Numancia,Spain,Morocco,1989-05-10,29
12,13,4FW,Khalid Boutaïb,18,7,Yeni Malatyaspor,Turkey,Morocco,1987-04-24,31
13,14,3MF,Mbark Boussoufa,59,7,Al-Jazira,United Arab Emirates,Morocco,1984-08-15,33
14,15,3MF,Youssef Aït Bennasser,14,0,Caen,France,Morocco,1996-07-07,21
15,16,3MF,Nordin Amrabat,44,4,Leganés,Spain,Morocco,1987-03-31,31
16,17,2DF,Nabil Dirar,34,3,Fenerbahçe,Turkey,Morocco,1986-02-25,32
17,18,3MF,Amine Harit,6,0,Schalke 04,Germany,Morocco,1997-06-18,20
18,19,4FW,Youssef En-Nesyri,16,2,Málaga,Spain,Morocco,1997-06-01,21
19,20,4FW,Aziz Bouhaddouz,15,3,FC St. Pauli,Germany,Morocco,1987-03-30,31
20,21,3MF,Sofyan Amrabat,6,0,Feyenoord,Netherlands,Morocco,1996-08-21,21
21,22,1GK,Ahmed Reda Tagnaouti,2,0,IR Tanger,Morocco,Morocco,1996-04-05,22
22,23,3MF,Mehdi Carcela,20,1,Standard Liège,Belgium,Morocco,1989-07-01,28
0,1,1GK,Rui Patrício,69,0,Sporting CP,Portugal,Portugal,1988-02-15,30
1,2,2DF,Bruno Alves,96,11,Rangers,Scotland,Portugal,1981-11-27,36
2,3,2DF,Pepe,95,5,Beşiktaş,Turkey,Portugal,1983-02-26,35
3,4,3MF,Manuel Fernandes,14,3,Lokomotiv Moscow,Russia,Portugal,1986-02-05,32
4,5,2DF,Raphaël Guerreiro,24,2,Borussia Dortmund,Germany,Portugal,1993-12-22,24
5,6,2DF,José Fonte,31,0,Dalian Yifang,China,Portugal,1983-12-22,34
6,7,4FW,Cristiano Ronaldo (captain),150,81,Real Madrid,Spain,Portugal,1985-02-05,33
7,8,3MF,João Moutinho,110,7,Monaco,France,Portugal,1986-09-08,31
8,9,4FW,André Silva,23,12,Milan,Italy,Portugal,1995-11-06,22
9,10,3MF,João Mário,36,2,West Ham United,England,Portugal,1993-01-19,25
10,11,3MF,Bernardo Silva,25,2,Manchester City,England,Portugal,1994-08-10,23
11,12,1GK,Anthony Lopes,7,0,Lyon,France,Portugal,1990-10-01,27
12,13,2DF,Rúben Dias,1,0,Benfica,Portugal,Portugal,1997-05-14,21
13,14,3MF,William Carvalho,43,2,Sporting CP,Portugal,Portugal,1992-04-07,26
14,15,2DF,Ricardo Pereira,4,0,Porto,Portugal,Portugal,1993-10-06,24
15,16,3MF,Bruno Fernandes,6,1,Sporting CP,Portugal,Portugal,1994-09-08,23
16,17,4FW,Gonçalo Guedes,10,3,Valencia,Spain,Portugal,1996-11-29,21
17,18,4FW,Gelson Martins,18,0,Sporting CP,Portugal,Portugal,1995-05-11,23
18,19,2DF,Mário Rui,4,0,Napoli,Italy,Portugal,1991-05-27,27
19,20,4FW,Ricardo Quaresma,77,9,Beşiktaş,Turkey,Portugal,1983-09-26,34
20,21,2DF,Cédric,29,1,Southampton,England,Portugal,1991-08-31,26
21,22,1GK,Beto,14,0,Göztepe,Turkey,Portugal,1982-05-01,36
22,23,3MF,Adrien Silva,23,1,Leicester City,England,Portugal,1989-03-15,29
0,1,1GK,David de Gea,29,0,Manchester United,England,Spain,1990-11-07,27
1,2,2DF,Dani Carvajal,15,0,Real Madrid,Spain,Spain,1992-01-11,26
2,3,2DF,Gerard Piqué,98,5,Barcelona,Spain,Spain,1987-02-02,31
3,4,2DF,Nacho,17,0,Real Madrid,Spain,Spain,1990-01-18,28
4,5,3MF,Sergio Busquets,103,2,Barcelona,Spain,Spain,1988-07-16,29
5,6,3MF,Andrés Iniesta,127,14,Barcelona,Spain,Spain,1984-05-11,34
6,7,3MF,Saúl,10,0,Atlético Madrid,Spain,Spain,1994-11-21,23
7,8,3MF,Koke,40,0,Atlético Madrid,Spain,Spain,1992-01-08,26
8,9,4FW,Rodrigo,6,2,Valencia,Spain,Spain,1991-03-06,27
9,10,3MF,Thiago,29,2,Bayern Munich,Germany,Spain,1991-04-11,27
10,11,4FW,Lucas Vázquez,7,0,Real Madrid,Spain,Spain,1991-07-01,26
11,12,2DF,Álvaro Odriozola,4,1,Real Sociedad,Spain,Spain,1995-12-14,22
12,13,1GK,Kepa Arrizabalaga,1,0,Athletic Bilbao,Spain,Spain,1994-10-03,23
13,14,2DF,César Azpilicueta,22,0,Chelsea,England,Spain,1989-08-28,28
14,15,2DF,Sergio Ramos (captain),152,13,Real Madrid,Spain,Spain,1986-03-30,32
15,16,2DF,Nacho Monreal,22,1,Arsenal,England,Spain,1986-02-26,32
16,17,4FW,Iago Aspas,10,5,Celta Vigo,Spain,Spain,1987-08-01,30
17,18,2DF,Jordi Alba,62,8,Barcelona,Spain,Spain,1989-03-21,29
18,19,4FW,Diego Costa,20,7,Atlético Madrid,Spain,Spain,1988-10-07,29
19,20,3MF,Marco Asensio,12,0,Real Madrid,Spain,Spain,1996-01-21,22
20,21,4FW,David Silva,121,35,Manchester City,England,Spain,1986-01-08,32
21,22,3MF,Isco,28,10,Real Madrid,Spain,Spain,1992-04-21,26
22,23,1GK,Pepe Reina,36,0,Napoli,Italy,Spain,1982-08-31,35
0,1,1GK,Mathew Ryan,44,0,Brighton & Hove Albion,England,Australia,1992-04-08,26
1,2,2DF,Milos Degenek,18,0,Yokohama F. Marinos,Japan,Australia,1994-04-28,24
2,3,2DF,James Meredith,2,0,Millwall,England,Australia,1988-04-05,30
3,4,4FW,Tim Cahill,106,50,Millwall,England,Australia,1979-12-06,38
4,5,2DF,Mark Milligan,71,6,Al-Ahli,Saudi Arabia,Australia,1985-08-04,32
5,6,2DF,Matthew Jurman,4,0,Suwon Samsung Bluewings,South Korea,Australia,1989-12-08,28
6,7,4FW,Mathew Leckie,53,8,Hertha BSC,Germany,Australia,1991-02-04,27
7,8,3MF,Massimo Luongo,36,5,Queens Park Rangers,England,Australia,1992-09-25,25
8,9,4FW,Tomi Juric,35,8,Luzern,Switzerland,Australia,1991-07-22,26
9,10,4FW,Robbie Kruse,64,5,VfL Bochum,Germany,Australia,1988-10-05,29
10,11,4FW,Andrew Nabbout,4,1,Urawa Red Diamonds,Japan,Australia,1992-12-17,25
11,12,1GK,Brad Jones,6,0,Feyenoord,Netherlands,Australia,1982-03-19,36
12,13,3MF,Aaron Mooy,34,5,Huddersfield Town,England,Australia,1990-09-15,27
13,14,4FW,Jamie Maclaren,6,0,Hibernian,Scotland,Australia,1993-07-29,24
14,15,3MF,Mile Jedinak (captain),76,18,Aston Villa,England,Australia,1984-08-03,33
15,16,2DF,Aziz Behich,23,2,Bursaspor,Turkey,Australia,1990-12-16,27
16,17,4FW,Daniel Arzani,2,1,Melbourne City,Australia,Australia,1999-01-04,19
17,18,1GK,Danny Vukovic,1,0,Genk,Belgium,Australia,1985-03-27,33
18,19,2DF,Josh Risdon,8,0,Western Sydney Wanderers,Australia,Australia,1992-07-27,25
19,20,2DF,Trent Sainsbury,35,3,Grasshoppers,Switzerland,Australia,1992-01-05,26
20,21,4FW,Dimitri Petratos,2,0,Newcastle Jets,Australia,Australia,1992-11-10,25
21,22,3MF,Jackson Irvine,19,2,Hull City,England,Australia,1993-03-07,25
22,23,3MF,Tom Rogic,37,7,Celtic,Scotland,Australia,1992-12-16,25
0,1,1GK,Kasper Schmeichel,35,0,Leicester City,England,Denmark,1986-11-05,31
1,2,3MF,Michael Krohn-Dehli,59,6,Deportivo La Coruña,Spain,Denmark,1983-06-06,35
2,3,2DF,Jannik Vestergaard,16,1,Borussia Mönchengladbach,Germany,Denmark,1992-08-03,25
3,4,2DF,Simon Kjær (captain),78,3,Sevilla,Spain,Denmark,1989-03-26,29
4,5,2DF,Jonas Knudsen,3,0,Ipswich Town,England,Denmark,1992-09-16,25
5,6,2DF,Andreas Christensen,16,1,Chelsea,England,Denmark,1996-04-10,22
6,7,3MF,William Kvist,80,2,Copenhagen,Denmark,Denmark,1985-02-24,33
7,8,3MF,Thomas Delaney,27,4,Werder Bremen,Germany,Denmark,1991-09-03,26
8,9,4FW,Nicolai Jørgensen,31,8,Feyenoord,Netherlands,Denmark,1991-01-15,27
9,10,3MF,Christian Eriksen,78,22,Tottenham Hotspur,England,Denmark,1992-02-14,26
10,11,4FW,Martin Braithwaite,20,1,Bordeaux,France,Denmark,1991-06-05,27
11,12,4FW,Kasper Dolberg,6,1,Ajax,Netherlands,Denmark,1997-10-06,20
12,13,2DF,Mathias Jørgensen,12,0,Huddersfield Town,England,Denmark,1990-04-23,28
13,14,2DF,Henrik Dalsgaard,11,0,Brentford,England,Denmark,1989-07-27,28
14,15,4FW,Viktor Fischer,19,3,Copenhagen,Denmark,Denmark,1994-06-09,24
15,16,1GK,Jonas Lössl,1,0,Huddersfield Town,England,Denmark,1989-02-01,29
16,17,2DF,Jens Stryger Larsen,13,1,Udinese,Italy,Denmark,1991-02-21,27
17,18,3MF,Lukas Lerager,4,0,Bordeaux,France,Denmark,1993-07-12,24
18,19,3MF,Lasse Schöne,36,3,Ajax,Netherlands,Denmark,1986-05-27,32
19,20,4FW,Yussuf Poulsen,28,4,RB Leipzig,Germany,Denmark,1994-06-15,23
20,21,4FW,Andreas Cornelius,18,4,Atalanta,Italy,Denmark,1993-03-16,25
21,22,1GK,Frederik Rønnow,6,0,Brøndby,Denmark,Denmark,1992-08-04,25
22,23,4FW,Pione Sisto,14,1,Celta Vigo,Spain,Denmark,1995-02-04,23
0,1,1GK,Hugo Lloris (captain),98,0,Tottenham Hotspur,England,France,1986-12-26,31
1,2,2DF,Benjamin Pavard,6,0,VfB Stuttgart,Germany,France,1996-03-28,22
2,3,2DF,Presnel Kimpembe,2,0,Paris Saint-Germain,France,France,1995-08-13,22
3,4,2DF,Raphaël Varane,42,2,Real Madrid,Spain,France,1993-04-25,25
4,5,2DF,Samuel Umtiti,19,2,Barcelona,Spain,France,1993-11-14,24
5,6,3MF,Paul Pogba,54,9,Manchester United,England,France,1993-03-15,25
6,7,4FW,Antoine Griezmann,54,20,Atlético Madrid,Spain,France,1991-03-21,27
7,8,4FW,Thomas Lemar,12,3,Monaco,France,France,1995-11-12,22
8,9,4FW,Olivier Giroud,74,31,Chelsea,England,France,1986-09-30,31
9,10,4FW,Kylian Mbappé,15,4,Paris Saint-Germain,France,France,1998-12-20,19
10,11,4FW,Ousmane Dembélé,12,2,Barcelona,Spain,France,1997-05-15,21
11,12,3MF,Corentin Tolisso,9,0,Bayern Munich,Germany,France,1994-08-03,23
12,13,3MF,N'Golo Kanté,24,1,Chelsea,England,France,1991-03-29,27
13,14,3MF,Blaise Matuidi,67,9,Juventus,Italy,France,1987-04-09,31
14,15,3MF,Steven Nzonzi,4,0,Sevilla,Spain,France,1988-12-15,29
15,16,1GK,Steve Mandanda,27,0,Marseille,France,France,1985-03-28,33
16,17,2DF,Adil Rami,35,1,Marseille,France,France,1985-12-27,32
17,18,4FW,Nabil Fekir,12,2,Lyon,France,France,1993-07-18,24
18,19,2DF,Djibril Sidibé,17,1,Monaco,France,France,1992-07-29,25
19,20,4FW,Florian Thauvin,4,0,Marseille,France,France,1993-01-26,25
20,21,2DF,Lucas Hernández,5,0,Atlético Madrid,Spain,France,1996-02-14,22
21,22,2DF,Benjamin Mendy,7,0,Manchester City,England,France,1994-07-17,23
22,23,1GK,Alphonse Areola,0,0,Paris Saint-Germain,France,France,1993-02-27,25
0,1,1GK,Pedro Gallese,38,0,Veracruz,Mexico,Peru,1990-02-23,28
1,2,2DF,Alberto Rodríguez,59,0,Atlético Junior,Colombia,Peru,1984-03-31,34
2,3,2DF,Aldo Corzo,25,0,Universitario,Peru,Peru,1989-05-20,29
3,4,2DF,Anderson Santamaría,4,0,Puebla,Mexico,Peru,1992-01-10,26
4,5,2DF,Miguel Araujo,7,0,Alianza Lima,Peru,Peru,1994-10-24,23
5,6,2DF,Miguel Trauco,27,0,Flamengo,Brazil,Peru,1992-08-25,25
6,7,3MF,Paolo Hurtado,31,3,Vitória de Guimarães,Portugal,Peru,1990-07-27,27
7,8,3MF,Christian Cueva,44,8,São Paulo,Brazil,Peru,1991-11-23,26
8,9,4FW,Paolo Guerrero (captain),88,34,Flamengo,Brazil,Peru,1984-01-01,34
9,10,4FW,Jefferson Farfán,84,25,Lokomotiv Moscow,Russia,Peru,1984-10-26,33
10,11,4FW,Raúl Ruidíaz,30,4,Morelia,Mexico,Peru,1990-07-25,27
11,12,1GK,Carlos Cáceda,4,0,Deportivo Municipal,Peru,Peru,1991-09-27,26
12,13,3MF,Renato Tapia,23,1,Feyenoord,Netherlands,Peru,1995-07-28,22
13,14,3MF,Andy Polo,17,1,Portland Timbers,United States,Peru,1994-09-29,23
14,15,2DF,Christian Ramos,66,3,Veracruz,Mexico,Peru,1988-11-04,29
15,16,3MF,Wilder Cartagena,3,0,Veracruz,Mexico,Peru,1994-09-23,23
16,17,2DF,Luis Advíncula,65,0,Lobos BUAP,Mexico,Peru,1990-03-02,28
17,18,4FW,André Carrillo,45,5,Watford,England,Peru,1991-06-14,27
18,19,3MF,Yoshimar Yotún,73,2,Orlando City,United States,Peru,1990-04-07,28
19,20,4FW,Edison Flores,29,9,AaB,Denmark,Peru,1994-05-14,24
20,21,1GK,José Carvallo,6,0,UTC,Peru,Peru,1986-03-01,32
21,22,2DF,Nilson Loyola,3,0,Melgar,Peru,Peru,1994-10-26,23
22,23,3MF,Pedro Aquino,13,0,Lobos BUAP,Mexico,Peru,1995-04-13,23
0,1,1GK,Nahuel Guzmán,6,0,UANL,Mexico,Argentina,1986-02-10,32
1,2,2DF,Gabriel Mercado,20,3,Sevilla,Spain,Argentina,1987-03-18,31
2,3,2DF,Nicolás Tagliafico,4,0,Ajax,Netherlands,Argentina,1992-08-31,25
3,4,2DF,Cristian Ansaldi,5,0,Torino,Italy,Argentina,1986-09-20,31
4,5,3MF,Lucas Biglia,57,1,Milan,Italy,Argentina,1986-01-30,32
5,6,2DF,Federico Fazio,9,1,Roma,Italy,Argentina,1987-03-17,31
6,7,3MF,Éver Banega,62,6,Sevilla,Spain,Argentina,1988-06-29,29
7,8,2DF,Marcos Acuña,10,0,Sporting CP,Portugal,Argentina,1991-10-28,26
8,9,4FW,Gonzalo Higuaín,71,31,Juventus,Italy,Argentina,1987-12-10,30
9,10,4FW,Lionel Messi (captain),124,64,Barcelona,Spain,Argentina,1987-06-24,30
10,11,3MF,Ángel Di María,94,19,Paris Saint-Germain,France,Argentina,1988-02-14,30
11,12,1GK,Franco Armani,0,0,River Plate,Argentina,Argentina,1986-10-16,31
12,13,3MF,Maximiliano Meza,2,0,Independiente,Argentina,Argentina,1992-12-15,25
13,14,2DF,Javier Mascherano,143,3,Hebei China Fortune,China,Argentina,1984-06-08,34
14,15,3MF,Enzo Pérez,23,1,River Plate,Argentina,Argentina,1986-02-22,32
15,16,2DF,Marcos Rojo,56,2,Manchester United,England,Argentina,1990-03-20,28
16,17,2DF,Nicolás Otamendi,54,4,Manchester City,England,Argentina,1988-02-12,30
17,18,2DF,Eduardo Salvio,9,0,Benfica,Portugal,Argentina,1990-07-13,27
18,19,4FW,Sergio Agüero,85,37,Manchester City,England,Argentina,1988-06-02,30
19,20,3MF,Giovani Lo Celso,5,0,Paris Saint-Germain,France,Argentina,1996-04-09,22
20,21,4FW,Paulo Dybala,12,0,Juventus,Italy,Argentina,1993-11-15,24
21,22,3MF,Cristian Pavón,5,0,Boca Juniors,Argentina,Argentina,1996-01-21,22
22,23,1GK,Willy Caballero,3,0,Chelsea,England,Argentina,1981-09-28,36
0,1,1GK,Dominik Livaković,1,0,Dinamo Zagreb,Croatia,Croatia,1995-01-09,23
1,2,2DF,Šime Vrsaljko,35,0,Atlético Madrid,Spain,Croatia,1992-01-10,26
2,3,2DF,Ivan Strinić,43,0,Sampdoria,Italy,Croatia,1987-07-17,30
3,4,4FW,Ivan Perišić,66,18,Inter Milan,Italy,Croatia,1989-02-02,29
4,5,2DF,Vedran Ćorluka,99,4,Lokomotiv Moscow,Russia,Croatia,1986-02-05,32
5,6,2DF,Dejan Lovren,39,2,Liverpool,England,Croatia,1989-07-05,28
6,7,3MF,Ivan Rakitić,92,14,Barcelona,Spain,Croatia,1988-03-10,30
7,8,3MF,Mateo Kovačić,41,1,Real Madrid,Spain,Croatia,1994-05-06,24
8,9,4FW,Andrej Kramarić,31,9,1899 Hoffenheim,Germany,Croatia,1991-06-19,26
9,10,3MF,Luka Modrić (captain),106,12,Real Madrid,Spain,Croatia,1985-09-09,32
10,11,3MF,Marcelo Brozović,35,6,Inter Milan,Italy,Croatia,1992-11-16,25
11,12,1GK,Lovre Kalinić,11,0,Gent,Belgium,Croatia,1990-04-03,28
12,13,2DF,Tin Jedvaj,12,0,Bayer Leverkusen,Germany,Croatia,1995-11-28,22
13,14,3MF,Filip Bradarić,4,0,Rijeka,Croatia,Croatia,1992-01-11,26
14,15,2DF,Duje Ćaleta-Car,1,0,Red Bull Salzburg,Austria,Croatia,1996-09-17,21
15,16,4FW,Nikola Kalinić,42,15,Milan,Italy,Croatia,1988-01-05,30
16,17,4FW,Mario Mandžukić,83,30,Juventus,Italy,Croatia,1986-05-21,32
17,18,4FW,Ante Rebić,16,1,Eintracht Frankfurt,Germany,Croatia,1993-09-21,24
18,19,3MF,Milan Badelj,38,1,Fiorentina,Italy,Croatia,1989-02-25,29
19,20,4FW,Marko Pjaca,16,1,Schalke 04,Germany,Croatia,1995-05-06,23
20,21,2DF,Domagoj Vida,59,2,Beşiktaş,Turkey,Croatia,1989-04-29,29
21,22,2DF,Josip Pivarić,19,0,Dynamo Kyiv,Ukraine,Croatia,1989-01-30,29
22,23,1GK,Danijel Subašić,38,0,Monaco,France,Croatia,1984-10-27,33
0,1,1GK,Hannes Þór Halldórsson,49,0,Randers,Denmark,Iceland,1984-04-27,34
1,2,2DF,Birkir Már Sævarsson,79,1,Valur,Iceland,Iceland,1984-11-11,33
2,3,3MF,Samúel Friðjónsson,4,0,Vålerenga,Norway,Iceland,1996-02-22,22
3,4,3MF,Albert Guðmundsson,5,3,PSV Eindhoven,Netherlands,Iceland,1997-06-15,20
4,5,2DF,Sverrir Ingi Ingason,20,3,Rostov,Russia,Iceland,1993-08-05,24
5,6,2DF,Ragnar Sigurðsson,77,3,Rostov,Russia,Iceland,1986-06-19,31
6,7,3MF,Jóhann Berg Guðmundsson,67,7,Burnley,England,Iceland,1990-10-27,27
7,8,3MF,Birkir Bjarnason,67,9,Aston Villa,England,Iceland,1988-05-27,30
8,9,4FW,Björn Bergmann Sigurðarson,12,1,Rostov,Russia,Iceland,1991-02-26,27
9,10,3MF,Gylfi Sigurðsson,57,19,Everton,England,Iceland,1989-09-08,28
10,11,4FW,Alfreð Finnbogason,47,13,FC Augsburg,Germany,Iceland,1989-02-01,29
11,12,1GK,Frederik Schram,4,0,Roskilde,Denmark,Iceland,1995-01-19,23
12,13,1GK,Rúnar Alex Rúnarsson,3,0,Nordsjælland,Denmark,Iceland,1995-02-18,23
13,14,2DF,Kári Árnason,67,5,Aberdeen,Scotland,Iceland,1982-10-13,35
14,15,2DF,Hólmar Örn Eyjólfsson,10,1,Levski Sofia,Bulgaria,Iceland,1990-08-06,27
15,16,3MF,Ólafur Ingi Skúlason,36,1,Kardemir Karabükspor,Turkey,Iceland,1983-04-01,35
16,17,3MF,Aron Gunnarsson (captain),77,2,Cardiff City,Wales,Iceland,1989-04-22,29
17,18,2DF,Hörður Björgvin Magnússon,16,2,Bristol City,England,Iceland,1993-02-11,25
18,19,3MF,Rúrik Gíslason,47,3,SV Sandhausen,Germany,Iceland,1988-02-25,30
19,20,3MF,Emil Hallfreðsson,64,1,Udinese,Italy,Iceland,1984-06-29,33
20,21,3MF,Arnór Ingvi Traustason,19,5,Malmö,Sweden,Iceland,1993-04-30,25
21,22,4FW,Jón Daði Böðvarsson,38,2,Reading,England,Iceland,1992-05-25,26
22,23,2DF,Ari Freyr Skúlason,56,0,Lokeren,Belgium,Iceland,1987-05-14,31
0,1,1GK,Ikechukwu Ezenwa,24,0,Enyimba,Nigeria,Nigeria,1988-10-16,29
1,2,2DF,Brian Idowu,5,1,Amkar Perm,Russia,Nigeria,1992-05-18,26
2,3,2DF,Elderson Echiéjilé,62,3,Cercle Brugge,Belgium,Nigeria,1988-01-20,30
3,4,3MF,Wilfred Ndidi,17,0,Leicester City,England,Nigeria,1996-12-16,21
4,5,2DF,William Troost-Ekong,22,1,Bursaspor,Turkey,Nigeria,1993-09-01,24
5,6,2DF,Leon Balogun,19,0,Mainz 05,Germany,Nigeria,1988-06-28,29
6,7,4FW,Ahmed Musa,72,13,CSKA Moscow,Russia,Nigeria,1992-10-14,25
7,8,3MF,Oghenekaro Etebo,14,1,Las Palmas,Spain,Nigeria,1995-11-09,22
8,9,4FW,Odion Ighalo,19,4,Changchun Yatai,China,Nigeria,1989-06-16,28
9,10,3MF,John Obi Mikel (captain),85,6,Tianjin TEDA,China,Nigeria,1987-04-22,31
10,11,4FW,Victor Moses,34,11,Chelsea,England,Nigeria,1990-12-12,27
11,12,2DF,Shehu Abdullahi,25,0,Bursaspor,Turkey,Nigeria,1993-03-12,25
12,13,4FW,Simeon Nwankwo,2,0,Crotone,Italy,Nigeria,1992-05-07,26
13,14,4FW,Kelechi Iheanacho,18,8,Leicester City,England,Nigeria,1996-03-10,22
14,15,3MF,Joel Obi,17,0,Torino,Italy,Nigeria,1991-05-22,27
15,16,1GK,Daniel Akpeyi,7,0,Chippa United,South Africa,Nigeria,1986-03-08,32
16,17,3MF,Ogenyi Onazi,52,1,Trabzonspor,Turkey,Nigeria,1992-12-25,25
17,18,4FW,Alex Iwobi,19,5,Arsenal,England,Nigeria,1996-05-03,22
18,19,3MF,John Ogu,20,2,Hapoel Be'er Sheva,Israel,Nigeria,1988-04-20,30
19,20,2DF,Chidozie Awaziem,4,0,Nantes,France,Nigeria,1997-01-01,21
20,21,2DF,Tyronne Ebuehi,7,0,ADO Den Haag,Netherlands,Nigeria,1995-12-16,22
21,22,2DF,Kenneth Omeruo,39,0,Kasımpaşa,Turkey,Nigeria,1993-10-17,24
22,23,1GK,Francis Uzoho,6,0,Deportivo La Coruña,Spain,Nigeria,1998-10-28,19
0,1,1GK,Alisson,26,0,Roma,Italy,Brazil,1992-10-02,25
1,2,2DF,Thiago Silva,71,5,Paris Saint-Germain,France,Brazil,1984-09-22,33
2,3,2DF,Miranda,47,2,Inter Milan,Italy,Brazil,1984-09-07,33
3,4,2DF,Pedro Geromel,2,0,Grêmio,Brazil,Brazil,1985-09-21,32
4,5,3MF,Casemiro,24,0,Real Madrid,Spain,Brazil,1992-02-23,26
5,6,2DF,Filipe Luís,33,2,Atlético Madrid,Spain,Brazil,1985-08-09,32
6,7,4FW,Douglas Costa,25,3,Juventus,Italy,Brazil,1990-09-14,27
7,8,3MF,Renato Augusto,28,5,Beijing Sinobo Guoan,China,Brazil,1988-02-08,30
8,9,4FW,Gabriel Jesus,17,10,Manchester City,England,Brazil,1997-04-03,21
9,10,4FW,Neymar (captain),85,55,Paris Saint-Germain,France,Brazil,1992-02-05,26
10,11,3MF,Philippe Coutinho,37,10,Barcelona,Spain,Brazil,1992-06-12,26
11,12,2DF,Marcelo,54,6,Real Madrid,Spain,Brazil,1988-05-12,30
12,13,2DF,Marquinhos,26,0,Paris Saint-Germain,France,Brazil,1994-05-14,24
13,14,2DF,Danilo,18,0,Manchester City,England,Brazil,1991-07-15,26
14,15,3MF,Paulinho,50,12,Barcelona,Spain,Brazil,1988-07-25,29
15,16,1GK,Cássio,1,0,Corinthians,Brazil,Brazil,1987-06-06,31
16,17,3MF,Fernandinho,44,2,Manchester City,England,Brazil,1985-05-04,33
17,18,3MF,Fred,8,0,Shakhtar Donetsk,Ukraine,Brazil,1993-03-05,25
18,19,3MF,Willian,57,8,Chelsea,England,Brazil,1988-08-09,29
19,20,4FW,Roberto Firmino,21,6,Liverpool,England,Brazil,1991-10-02,26
20,21,4FW,Taison,8,1,Shakhtar Donetsk,Ukraine,Brazil,1988-01-13,30
21,22,2DF,Fagner,4,0,Corinthians,Brazil,Brazil,1989-06-11,29
22,23,1GK,Ederson,1,0,Manchester City,England,Brazil,1993-08-17,24
0,1,1GK,Keylor Navas,81,0,Real Madrid,Spain,Costa Rica,1986-12-15,31
1,2,2DF,Johnny Acosta,69,2,Águilas Doradas,Colombia,Costa Rica,1983-07-21,34
2,3,2DF,Giancarlo González,70,2,Bologna,Italy,Costa Rica,1988-02-08,30
3,4,2DF,Ian Smith,4,0,Norrköping,Sweden,Costa Rica,1998-03-06,20
4,5,3MF,Celso Borges,113,21,Deportivo La Coruña,Spain,Costa Rica,1988-05-27,30
5,6,2DF,Óscar Duarte,39,2,Espanyol,Spain,Costa Rica,1989-06-03,29
6,7,3MF,Christian Bolaños,81,6,Saprissa,Costa Rica,Costa Rica,1984-05-17,34
7,8,2DF,Bryan Oviedo,44,1,Sunderland,England,Costa Rica,1990-02-18,28
8,9,3MF,Daniel Colindres,11,0,Saprissa,Costa Rica,Costa Rica,1985-01-10,33
9,10,3MF,Bryan Ruiz (captain),110,24,Sporting CP,Portugal,Costa Rica,1985-08-18,32
10,11,4FW,Johan Venegas,47,10,Saprissa,Costa Rica,Costa Rica,1988-11-27,29
11,12,4FW,Joel Campbell,77,15,Real Betis,Spain,Costa Rica,1992-06-26,25
12,13,3MF,Rodney Wallace,30,4,New York City FC,United States,Costa Rica,1988-06-17,29
13,14,3MF,Randall Azofeifa,58,3,Herediano,Costa Rica,Costa Rica,1984-12-30,33
14,15,2DF,Francisco Calvo,38,4,Minnesota United,United States,Costa Rica,1992-07-08,25
15,16,2DF,Cristian Gamboa,68,3,Celtic,Scotland,Costa Rica,1989-10-24,28
16,17,3MF,Yeltsin Tejeda,51,0,Lausanne,Switzerland,Costa Rica,1992-03-17,26
17,18,1GK,Patrick Pemberton,39,0,Alajuelense,Costa Rica,Costa Rica,1982-04-24,36
18,19,2DF,Kendall Waston,26,3,Vancouver Whitecaps FC,Canada,Costa Rica,1988-01-01,30
19,20,3MF,David Guzmán,43,0,Portland Timbers,United States,Costa Rica,1990-02-18,28
20,21,4FW,Marco Ureña,64,15,Los Angeles FC,United States,Costa Rica,1990-03-05,28
21,22,2DF,Rónald Matarrita,23,2,New York City FC,United States,Costa Rica,1994-07-09,23
22,23,1GK,Leonel Moreira,9,0,Herediano,Costa Rica,Costa Rica,1990-04-02,28
0,1,1GK,Vladimir Stojković,81,0,Partizan,Serbia,Serbia,1983-07-28,34
1,2,2DF,Antonio Rukavina,47,0,Villarreal,Spain,Serbia,1984-01-26,34
2,3,2DF,Duško Tošić,24,1,Beşiktaş,Turkey,Serbia,1985-01-19,33
3,4,3MF,Luka Milivojević,28,1,Crystal Palace,England,Serbia,1991-04-07,27
4,5,2DF,Uroš Spajić,5,0,Anderlecht,Belgium,Serbia,1993-02-13,25
5,6,2DF,Branislav Ivanović,103,13,Zenit Saint Petersburg,Russia,Serbia,1984-02-22,34
6,7,3MF,Andrija Živković,10,0,Benfica,Portugal,Serbia,1996-07-11,21
7,8,4FW,Aleksandar Prijović,9,1,PAOK,Greece,Serbia,1990-04-21,28
8,9,4FW,Aleksandar Mitrović,37,16,Fulham,England,Serbia,1994-09-16,23
9,10,3MF,Dušan Tadić,53,13,Southampton,England,Serbia,1988-11-20,29
10,11,2DF,Aleksandar Kolarov (captain),76,10,Roma,Italy,Serbia,1985-11-10,32
11,12,1GK,Predrag Rajković,8,0,Maccabi Tel Aviv,Israel,Serbia,1995-10-31,22
12,13,2DF,Miloš Veljković,2,0,Werder Bremen,Germany,Serbia,1995-09-26,22
13,14,2DF,Milan Rodić,1,0,Red Star Belgrade,Serbia,Serbia,1991-04-02,27
14,15,2DF,Nikola Milenković,3,0,Fiorentina,Italy,Serbia,1997-10-12,20
15,16,3MF,Marko Grujić,8,0,Cardiff City,Wales,Serbia,1996-04-13,22
16,17,3MF,Filip Kostić,23,2,Hamburger SV,Germany,Serbia,1992-11-01,25
17,18,4FW,Nemanja Radonjić,3,0,Red Star Belgrade,Serbia,Serbia,1996-02-15,22
18,19,4FW,Luka Jović,1,0,Eintracht Frankfurt,Germany,Serbia,1997-12-23,20
19,20,3MF,Sergej Milinković-Savić,4,0,Lazio,Italy,Serbia,1995-02-27,23
20,21,3MF,Nemanja Matić,40,2,Manchester United,England,Serbia,1988-08-01,29
21,22,3MF,Adem Ljajić,29,6,Torino,Italy,Serbia,1991-09-29,26
22,23,1GK,Marko Dmitrović,2,0,Eibar,Spain,Serbia,1992-01-24,26
0,1,1GK,Yann Sommer,35,0,Borussia Mönchengladbach,Germany,Switzerland,1988-12-17,29
1,2,2DF,Stephan Lichtsteiner (captain),100,8,Juventus,Italy,Switzerland,1984-01-16,34
2,3,2DF,François Moubandje,18,0,Toulouse,France,Switzerland,1990-06-21,27
3,4,2DF,Nico Elvedi,6,0,Borussia Mönchengladbach,Germany,Switzerland,1996-09-30,21
4,5,2DF,Manuel Akanji,7,0,Borussia Dortmund,Germany,Switzerland,1995-07-19,22
5,6,2DF,Michael Lang,24,2,Basel,Switzerland,Switzerland,1991-02-08,27
6,7,4FW,Breel Embolo,25,3,Schalke 04,Germany,Switzerland,1997-02-14,21
7,8,3MF,Remo Freuler,10,0,Atalanta,Italy,Switzerland,1992-04-15,26
8,9,4FW,Haris Seferović,51,12,Benfica,Portugal,Switzerland,1992-02-22,26
9,10,3MF,Granit Xhaka,62,9,Arsenal,England,Switzerland,1992-09-27,25
10,11,3MF,Valon Behrami,79,2,Udinese,Italy,Switzerland,1985-04-19,33
11,12,1GK,Yvon Mvogo,0,0,RB Leipzig,Germany,Switzerland,1994-06-06,24
12,13,2DF,Ricardo Rodríguez,53,5,Milan,Italy,Switzerland,1992-08-25,25
13,14,3MF,Steven Zuber,12,3,1899 Hoffenheim,Germany,Switzerland,1991-08-17,26
14,15,3MF,Blerim Džemaili,65,9,Bologna,Italy,Switzerland,1986-04-12,32
15,16,3MF,Gelson Fernandes,67,2,Eintracht Frankfurt,Germany,Switzerland,1986-09-02,31
16,17,3MF,Denis Zakaria,10,0,Borussia Mönchengladbach,Germany,Switzerland,1996-11-20,21
17,18,4FW,Mario Gavranović,14,5,Dinamo Zagreb,Croatia,Switzerland,1989-11-24,28
18,19,4FW,Josip Drmić,29,9,Borussia Mönchengladbach,Germany,Switzerland,1992-08-08,25
19,20,2DF,Johan Djourou,74,2,Antalyaspor,Turkey,Switzerland,1987-01-18,31
20,21,1GK,Roman Bürki,9,0,Borussia Dortmund,Germany,Switzerland,1990-11-14,27
21,22,2DF,Fabian Schär,39,7,Deportivo La Coruña,Spain,Switzerland,1991-12-20,26
22,23,3MF,Xherdan Shaqiri,70,20,Stoke City,England,Switzerland,1991-10-10,26
0,1,1GK,Manuel Neuer (captain),76,0,Bayern Munich,Germany,Germany,1986-03-27,32
1,2,2DF,Marvin Plattenhardt,6,0,Hertha BSC,Germany,Germany,1992-01-26,26
2,3,2DF,Jonas Hector,38,3,1. FC Köln,Germany,Germany,1990-05-27,28
3,4,2DF,Matthias Ginter,18,0,Borussia Mönchengladbach,Germany,Germany,1994-01-19,24
4,5,2DF,Mats Hummels,64,5,Bayern Munich,Germany,Germany,1988-12-16,29
5,6,3MF,Sami Khedira,75,7,Juventus,Italy,Germany,1987-04-04,31
6,7,3MF,Julian Draxler,44,6,Paris Saint-Germain,France,Germany,1993-09-20,24
7,8,3MF,Toni Kroos,83,12,Real Madrid,Spain,Germany,1990-01-04,28
8,9,4FW,Timo Werner,14,8,RB Leipzig,Germany,Germany,1996-03-06,22
9,10,3MF,Mesut Özil,90,23,Arsenal,England,Germany,1988-10-15,29
10,11,4FW,Marco Reus,31,9,Borussia Dortmund,Germany,Germany,1989-05-31,29
11,12,1GK,Kevin Trapp,3,0,Paris Saint-Germain,France,Germany,1990-07-08,27
12,13,3MF,Thomas Müller,91,38,Bayern Munich,Germany,Germany,1989-09-13,28
13,14,3MF,Leon Goretzka,15,6,Schalke 04,Germany,Germany,1995-02-06,23
14,15,2DF,Niklas Süle,11,0,Bayern Munich,Germany,Germany,1995-09-03,22
15,16,2DF,Antonio Rüdiger,24,1,Chelsea,England,Germany,1993-03-03,25
16,17,2DF,Jérôme Boateng,71,1,Bayern Munich,Germany,Germany,1988-09-03,29
17,18,2DF,Joshua Kimmich,29,3,Bayern Munich,Germany,Germany,1995-02-08,23
18,19,3MF,Sebastian Rudy,25,1,Bayern Munich,Germany,Germany,1990-02-28,28
19,20,3MF,Julian Brandt,16,1,Bayer Leverkusen,Germany,Germany,1996-05-02,22
20,21,3MF,İlkay Gündoğan,26,4,Manchester City,England,Germany,1990-10-24,27
21,22,1GK,Marc-André ter Stegen,20,0,Barcelona,Spain,Germany,1992-04-30,26
22,23,4FW,Mario Gómez,75,31,VfB Stuttgart,Germany,Germany,1985-07-10,32
0,1,1GK,José de Jesús Corona,52,0,Cruz Azul,Mexico,Mexico,1981-01-26,37
1,2,2DF,Hugo Ayala,43,1,UANL,Mexico,Mexico,1987-03-31,31
2,3,2DF,Carlos Salcedo,21,0,Eintracht Frankfurt,Germany,Mexico,1993-09-29,24
3,4,2DF,Rafael Márquez,145,18,Atlas,Mexico,Mexico,1979-02-13,39
4,5,3MF,Érick Gutiérrez,9,0,Pachuca,Mexico,Mexico,1995-06-15,22
5,6,3MF,Jonathan dos Santos,32,0,LA Galaxy,United States,Mexico,1990-04-26,28
6,7,3MF,Miguel Layún,64,6,Sevilla,Spain,Mexico,1988-06-25,29
7,8,4FW,Marco Fabián,39,9,Eintracht Frankfurt,Germany,Mexico,1989-07-21,28
8,9,4FW,Raúl Jiménez,63,13,Benfica,Portugal,Mexico,1991-05-05,27
9,10,3MF,Giovani dos Santos,105,19,LA Galaxy,United States,Mexico,1989-05-11,29
10,11,4FW,Carlos Vela,68,18,Los Angeles FC,United States,Mexico,1989-03-01,29
11,12,1GK,Alfredo Talavera,27,0,Toluca,Mexico,Mexico,1982-09-18,35
12,13,1GK,Guillermo Ochoa,94,0,Standard Liège,Belgium,Mexico,1985-07-13,32
13,14,4FW,Javier Hernández,102,49,West Ham United,England,Mexico,1988-06-01,30
14,15,2DF,Héctor Moreno,92,3,Real Sociedad,Spain,Mexico,1988-01-17,30
15,16,2DF,Héctor Herrera,66,5,Porto,Portugal,Mexico,1990-04-19,28
16,17,3MF,Jesús Manuel Corona,36,7,Porto,Portugal,Mexico,1993-01-06,25
17,18,3MF,Andrés Guardado (captain),145,25,Real Betis,Spain,Mexico,1986-09-28,31
18,19,4FW,Oribe Peralta,67,26,América,Mexico,Mexico,1984-01-12,34
19,20,3MF,Javier Aquino,53,0,UANL,Mexico,Mexico,1990-02-11,28
20,21,2DF,Edson Álvarez,13,1,América,Mexico,Mexico,1997-10-24,20
21,22,4FW,Hirving Lozano,28,7,PSV Eindhoven,Netherlands,Mexico,1995-07-30,22
22,23,3MF,Jesús Gallardo,23,0,UNAM,Mexico,Mexico,1994-08-15,23
0,1,1GK,Kim Seung-gyu,33,0,Vissel Kobe,Japan,South Korea,1990-09-30,27
1,2,2DF,Lee Yong,28,0,Jeonbuk Hyundai Motors,South Korea,South Korea,1986-12-24,31
2,3,2DF,Jung Seung-hyun,6,0,Sagan Tosu,Japan,South Korea,1994-04-03,24
3,4,2DF,Oh Ban-suk,2,0,Jeju United,South Korea,South Korea,1988-05-20,30
4,5,2DF,Yun Young-sun,6,0,Seongnam FC,South Korea,South Korea,1988-10-04,29
5,6,2DF,Park Joo-ho,36,0,Ulsan Hyundai,South Korea,South Korea,1987-01-16,31
6,7,4FW,Son Heung-min,67,21,Tottenham Hotspur,England,South Korea,1992-07-08,25
7,8,3MF,Ju Se-jong,11,1,Asan Mugunghwa,South Korea,South Korea,1990-10-30,27
8,9,4FW,Kim Shin-wook,50,10,Jeonbuk Hyundai Motors,South Korea,South Korea,1988-04-14,30
9,10,3MF,Lee Seung-woo,4,0,Hellas Verona,Italy,South Korea,1998-01-06,20
10,11,4FW,Hwang Hee-chan,14,2,Red Bull Salzburg,Austria,South Korea,1996-01-26,22
11,12,2DF,Kim Min-woo,20,1,Sangju Sangmu,South Korea,South Korea,1990-02-25,28
12,13,3MF,Koo Ja-cheol,68,19,FC Augsburg,Germany,South Korea,1989-02-27,29
13,14,2DF,Hong Chul,14,0,Sangju Sangmu,South Korea,South Korea,1990-09-17,27
14,15,3MF,Jung Woo-young,30,1,Vissel Kobe,Japan,South Korea,1989-12-14,28
15,16,3MF,Ki Sung-yueng (captain),102,10,Swansea City,Wales,South Korea,1989-01-24,29
16,17,3MF,Lee Jae-sung,35,6,Jeonbuk Hyundai Motors,South Korea,South Korea,1992-08-10,25
17,18,3MF,Moon Seon-min,3,1,Incheon United,South Korea,South Korea,1992-06-09,26
18,19,2DF,Kim Young-gwon,53,2,Guangzhou Evergrande,China,South Korea,1990-02-27,28
19,20,2DF,Jang Hyun-soo,51,3,FC Tokyo,Japan,South Korea,1991-09-28,26
20,21,1GK,Kim Jin-hyeon,15,0,Cerezo Osaka,Japan,South Korea,1987-07-06,30
21,22,2DF,Go Yo-han,20,0,FC Seoul,South Korea,South Korea,1988-03-10,30
22,23,1GK,Cho Hyun-woo,6,0,Daegu FC,South Korea,South Korea,1991-09-25,26
0,1,1GK,Robin Olsen,18,0,Copenhagen,Denmark,Sweden,1990-01-08,28
1,2,2DF,Mikael Lustig,66,6,Celtic,Scotland,Sweden,1986-12-13,31
2,3,2DF,Victor Lindelöf,21,1,Manchester United,England,Sweden,1994-07-17,23
3,4,2DF,Andreas Granqvist (captain),72,6,Krasnodar,Russia,Sweden,1985-04-16,33
4,5,2DF,Martin Olsson,43,5,Swansea City,Wales,Sweden,1988-05-17,30
5,6,2DF,Ludwig Augustinsson,15,0,Werder Bremen,Germany,Sweden,1994-04-21,24
6,7,3MF,Sebastian Larsson,100,6,Hull City,England,Sweden,1985-06-06,33
7,8,3MF,Albin Ekdal,34,0,Hamburger SV,Germany,Sweden,1989-07-28,28
8,9,4FW,Marcus Berg,57,18,Al Ain,United Arab Emirates,Sweden,1986-08-17,31
9,10,3MF,Emil Forsberg,36,6,RB Leipzig,Germany,Sweden,1991-10-23,26
10,11,4FW,John Guidetti,20,1,Alavés,Spain,Sweden,1992-04-15,26
11,12,1GK,Karl-Johan Johnsson,5,0,Guingamp,France,Sweden,1990-01-28,28
12,13,3MF,Gustav Svensson,13,0,Seattle Sounders FC,United States,Sweden,1987-02-07,31
13,14,2DF,Filip Helander,4,0,Bologna,Italy,Sweden,1993-04-22,25
14,15,3MF,Oscar Hiljemark,22,2,Genoa,Italy,Sweden,1992-06-28,25
15,16,2DF,Emil Krafth,13,0,Bologna,Italy,Sweden,1994-08-02,23
16,17,3MF,Viktor Claesson,22,3,Krasnodar,Russia,Sweden,1992-01-02,26
17,18,2DF,Pontus Jansson,15,0,Leeds United,England,Sweden,1991-02-13,27
18,19,3MF,Marcus Rohdén,12,1,Crotone,Italy,Sweden,1991-05-11,27
19,20,4FW,Ola Toivonen,59,13,Toulouse,France,Sweden,1986-07-03,31
20,21,3MF,Jimmy Durmaz,45,3,Toulouse,France,Sweden,1989-03-22,29
21,22,4FW,Isaac Kiese Thelin,20,2,Waasland-Beveren,Belgium,Sweden,1992-06-24,25
22,23,1GK,Kristoffer Nordfeldt,8,0,Swansea City,Wales,Sweden,1989-06-23,28
0,1,1GK,Thibaut Courtois,58,0,Chelsea,England,Belgium,1992-05-11,26
1,2,2DF,Toby Alderweireld,74,3,Tottenham Hotspur,England,Belgium,1989-03-02,29
2,3,2DF,Thomas Vermaelen,64,1,Barcelona,Spain,Belgium,1985-11-14,32
3,4,2DF,Vincent Kompany,74,4,Manchester City,England,Belgium,1986-04-10,32
4,5,2DF,Jan Vertonghen,102,8,Tottenham Hotspur,England,Belgium,1987-04-24,31
5,6,3MF,Axel Witsel,87,9,Tianjin Quanjian,China,Belgium,1989-01-12,29
6,7,3MF,Kevin De Bruyne,59,13,Manchester City,England,Belgium,1991-06-28,26
7,8,3MF,Marouane Fellaini,80,17,Manchester United,England,Belgium,1987-11-22,30
8,9,4FW,Romelu Lukaku,66,33,Manchester United,England,Belgium,1993-05-13,25
9,10,4FW,Eden Hazard (captain),84,22,Chelsea,England,Belgium,1991-01-07,27
10,11,3MF,Yannick Carrasco,25,5,Dalian Yifang,China,Belgium,1993-09-04,24
11,12,1GK,Simon Mignolet,21,0,Liverpool,England,Belgium,1988-03-06,30
12,13,1GK,Koen Casteels,0,0,VfL Wolfsburg,Germany,Belgium,1992-06-25,25
13,14,4FW,Dries Mertens,67,14,Napoli,Italy,Belgium,1987-05-06,31
14,15,2DF,Thomas Meunier,25,5,Paris Saint-Germain,France,Belgium,1991-09-12,26
15,16,3MF,Thorgan Hazard,10,1,Borussia Mönchengladbach,Germany,Belgium,1993-03-29,25
16,17,3MF,Youri Tielemans,8,0,Monaco,France,Belgium,1997-05-07,21
17,18,4FW,Adnan Januzaj,8,0,Real Sociedad,Spain,Belgium,1995-02-05,23
18,19,3MF,Mousa Dembélé,75,5,Tottenham Hotspur,England,Belgium,1987-07-16,30
19,20,2DF,Dedryck Boyata,7,0,Celtic,Scotland,Belgium,1990-11-28,27
20,21,4FW,Michy Batshuayi,15,6,Borussia Dortmund,Germany,Belgium,1993-10-02,24
21,22,3MF,Nacer Chadli,43,4,West Bromwich Albion,England,Belgium,1989-08-02,28
22,23,2DF,Leander Dendoncker,5,0,Anderlecht,Belgium,Belgium,1995-04-15,23
0,1,1GK,Jordan Pickford,3,0,Everton,England,England,1994-03-07,24
1,2,2DF,Kyle Walker,35,0,Manchester City,England,England,1990-05-28,28
2,3,2DF,Danny Rose,18,0,Tottenham Hotspur,England,England,1990-07-02,27
3,4,3MF,Eric Dier,26,3,Tottenham Hotspur,England,England,1994-01-15,24
4,5,2DF,John Stones,26,0,Manchester City,England,England,1994-05-28,24
5,6,2DF,Harry Maguire,5,0,Leicester City,England,England,1993-03-05,25
6,7,3MF,Jesse Lingard,12,1,Manchester United,England,England,1992-12-15,25
7,8,3MF,Jordan Henderson,39,0,Liverpool,England,England,1990-06-17,27
8,9,4FW,Harry Kane (captain),24,13,Tottenham Hotspur,England,England,1993-07-28,24
9,10,4FW,Raheem Sterling,38,2,Manchester City,England,England,1994-12-08,23
10,11,4FW,Jamie Vardy,22,7,Leicester City,England,England,1987-01-11,31
11,12,2DF,Kieran Trippier,7,0,Tottenham Hotspur,England,England,1990-09-19,27
12,13,1GK,Jack Butland,8,0,Stoke City,England,England,1993-03-10,25
13,14,4FW,Danny Welbeck,39,16,Arsenal,England,England,1990-11-26,27
14,15,2DF,Gary Cahill,60,5,Chelsea,England,England,1985-12-19,32
15,16,2DF,Phil Jones,25,0,Manchester United,England,England,1992-02-21,26
16,17,2DF,Fabian Delph,11,0,Manchester City,England,England,1989-11-21,28
17,18,2DF,Ashley Young,34,7,Manchester United,England,England,1985-07-09,32
18,19,4FW,Marcus Rashford,19,3,Manchester United,England,England,1997-10-31,20
19,20,3MF,Dele Alli,25,2,Tottenham Hotspur,England,England,1996-04-11,22
20,21,3MF,Ruben Loftus-Cheek,4,0,Crystal Palace,England,England,1996-01-23,22
21,22,2DF,Trent Alexander-Arnold,1,0,Liverpool,England,England,1998-10-07,19
22,23,1GK,Nick Pope,1,0,Burnley,England,England,1992-04-19,26
0,1,1GK,Jaime Penedo,131,0,Dinamo București,Romania,Panama,1981-09-26,36
1,2,2DF,Michael Amir Murillo,22,2,New York Red Bulls,United States,Panama,1996-02-11,22
2,3,2DF,Harold Cummings,52,0,San Jose Earthquakes,United States,Panama,1992-03-01,26
3,4,2DF,Fidel Escobar,23,1,New York Red Bulls,United States,Panama,1995-01-09,23
4,5,2DF,Román Torres,111,10,Seattle Sounders FC,United States,Panama,1986-03-20,32
5,6,3MF,Gabriel Gómez,144,12,Atlético Bucaramanga,Colombia,Panama,1984-05-29,34
6,7,4FW,Blas Pérez,118,43,Municipal,Guatemala,Panama,1981-03-13,37
7,8,3MF,Édgar Bárcenas,29,0,Tapachula,Mexico,Panama,1993-10-23,24
8,9,4FW,Gabriel Torres,72,14,Huachipato,Chile,Panama,1988-10-31,29
9,10,4FW,Ismael Díaz,11,2,Deportivo Fabril,Spain,Panama,1997-05-12,21
10,11,3MF,Armando Cooper,98,7,Universidad de Chile,Chile,Panama,1987-11-26,30
11,12,1GK,José Calderón,31,0,Chorrillo,Panama,Panama,1985-08-14,32
12,13,2DF,Adolfo Machado,76,1,Houston Dynamo,United States,Panama,1985-02-14,33
13,14,3MF,Valentín Pimentel,23,1,Plaza Amador,Panama,Panama,1991-05-30,27
14,15,2DF,Erick Davis,38,0,Dunajská Streda,Slovakia,Panama,1991-03-31,27
15,16,4FW,Abdiel Arroyo,33,5,Alajuelense,Costa Rica,Panama,1993-12-13,24
16,17,2DF,Luis Ovalle,25,0,CD Olimpia,Honduras,Panama,1988-09-07,29
17,18,4FW,Luis Tejada,105,43,Sport Boys,Peru,Panama,1982-03-28,36
18,19,3MF,Ricardo Ávila,5,0,Gent,Belgium,Panama,1997-02-04,21
19,20,3MF,Aníbal Godoy,59,2,San Jose Earthquakes,United States,Panama,1990-02-10,28
20,21,3MF,José Luis Rodríguez,2,0,Gent,Belgium,Panama,1998-06-19,19
21,22,1GK,Álex Rodríguez,6,0,San Francisco,Panama,Panama,1990-08-05,27
22,23,2DF,Felipe Baloy (captain),102,3,Municipal,Guatemala,Panama,1981-02-24,37
0,1,1GK,Farouk Ben Mustapha,15,0,Al-Shabab,Saudi Arabia,Tunisia,1989-07-01,28
1,2,2DF,Syam Ben Youssef,42,1,Kasımpaşa,Turkey,Tunisia,1989-03-31,29
2,3,2DF,Yohan Benalouane,4,0,Leicester City,England,Tunisia,1987-03-28,31
3,4,2DF,Yassine Meriah,16,1,CS Sfaxien,Tunisia,Tunisia,1993-07-02,24
4,5,2DF,Oussama Haddadi,9,0,Dijon,France,Tunisia,1992-01-28,26
5,6,2DF,Rami Bedoui,8,0,Étoile du Sahel,Tunisia,Tunisia,1990-01-19,28
6,7,4FW,Saîf-Eddine Khaoui,5,0,Troyes,France,Tunisia,1995-04-27,23
7,8,4FW,Fakhreddine Ben Youssef,39,5,Al-Ettifaq,Saudi Arabia,Tunisia,1991-06-23,26
8,9,3MF,Anice Badri,7,2,Espérance,Tunisia,Tunisia,1990-09-18,27
9,10,4FW,Wahbi Khazri,35,12,Rennes,France,Tunisia,1991-02-08,27
10,11,2DF,Dylan Bronn,5,0,Gent,Belgium,Tunisia,1995-06-19,22
11,12,2DF,Ali Maâloul,46,0,Al Ahly,Egypt,Tunisia,1990-01-01,28
12,13,3MF,Ferjani Sassi,39,3,Al-Nassr,Saudi Arabia,Tunisia,1992-03-18,26
13,14,3MF,Mohamed Amine Ben Amor,26,1,Al-Ahli,Saudi Arabia,Tunisia,1992-05-03,26
14,15,4FW,Ahmed Khalil,3,0,Club Africain,Tunisia,Tunisia,1994-12-21,23
15,16,1GK,Aymen Mathlouthi (captain),70,0,Al-Batin,Saudi Arabia,Tunisia,1984-09-14,33
16,17,3MF,Ellyes Skhiri,5,0,Montpellier,France,Tunisia,1995-05-10,23
17,18,4FW,Bassem Srarfi,5,0,Nice,France,Tunisia,1997-06-25,20
18,19,4FW,Saber Khalifa,44,7,Club Africain,Tunisia,Tunisia,1986-10-14,31
19,20,4FW,Ghailene Chaalali,6,1,Espérance,Tunisia,Tunisia,1994-02-28,24
20,21,2DF,Hamdi Nagguez,15,0,Zamalek,Egypt,Tunisia,1992-10-28,25
21,22,1GK,Mouez Hassen,3,0,Châteauroux,France,Tunisia,1995-03-05,23
22,23,4FW,Naïm Sliti,17,3,Dijon,France,Tunisia,1992-07-27,25
0,1,1GK,David Ospina,86,0,Arsenal,England,Colombia,1988-08-31,29
1,2,2DF,Cristián Zapata,55,2,Milan,Italy,Colombia,1986-09-30,31
2,3,2DF,Óscar Murillo,13,0,Pachuca,Mexico,Colombia,1988-04-18,30
3,4,2DF,Santiago Arias,41,0,PSV Eindhoven,Netherlands,Colombia,1992-01-13,26
4,5,3MF,Wílmar Barrios,10,0,Boca Juniors,Argentina,Colombia,1993-10-16,24
5,6,3MF,Carlos Sánchez,85,0,Espanyol,Spain,Colombia,1986-02-06,32
6,7,4FW,Carlos Bacca,45,14,Villarreal,Spain,Colombia,1986-09-08,31
7,8,3MF,Abel Aguilar,70,7,Deportivo Cali,Colombia,Colombia,1985-01-06,33
8,9,4FW,Radamel Falcao (captain),73,29,Monaco,France,Colombia,1986-02-10,32
9,10,3MF,James Rodríguez,63,21,Bayern Munich,Germany,Colombia,1991-07-12,26
10,11,3MF,Juan Cuadrado,70,7,Juventus,Italy,Colombia,1988-05-26,30
11,12,1GK,Camilo Vargas,5,0,Deportivo Cali,Colombia,Colombia,1989-03-09,29
12,13,2DF,Yerry Mina,12,3,Barcelona,Spain,Colombia,1994-09-23,23
13,14,4FW,Luis Muriel,18,2,Sevilla,Spain,Colombia,1991-04-16,27
14,15,3MF,Mateus Uribe,8,0,América,Mexico,Colombia,1991-03-21,27
15,16,3MF,Jefferson Lerma,5,0,Levante,Spain,Colombia,1994-10-25,23
16,17,2DF,Johan Mojica,4,1,Girona,Spain,Colombia,1992-08-21,25
17,18,2DF,Farid Díaz,13,0,Olimpia,Paraguay,Colombia,1983-07-20,34
18,19,4FW,Miguel Borja,7,2,Palmeiras,Brazil,Colombia,1993-01-26,25
19,20,3MF,Juan Fernando Quintero,15,2,River Plate,Argentina,Colombia,1993-01-18,25
20,21,4FW,José Izquierdo,5,1,Brighton & Hove Albion,England,Colombia,1992-07-07,25
21,22,1GK,José Fernando Cuadrado,1,0,Once Caldas,Colombia,Colombia,1985-06-01,33
22,23,2DF,Dávinson Sánchez,9,0,Tottenham Hotspur,England,Colombia,1996-06-12,22
0,1,1GK,Eiji Kawashima,84,0,Metz,France,Japan,1983-03-20,35
1,2,2DF,Naomichi Ueda,4,0,Kashima Antlers,Japan,Japan,1994-10-24,23
2,3,2DF,Gen Shoji,11,1,Kashima Antlers,Japan,Japan,1992-12-11,25
3,4,3MF,Keisuke Honda,95,36,Pachuca,Mexico,Japan,1986-06-13,32
4,5,2DF,Yuto Nagatomo,105,3,Galatasaray,Turkey,Japan,1986-09-12,31
5,6,2DF,Wataru Endo,12,0,Urawa Red Diamonds,Japan,Japan,1993-02-09,25
6,7,3MF,Gaku Shibasaki,18,3,Getafe,Spain,Japan,1992-05-28,26
7,8,3MF,Genki Haraguchi,33,6,Fortuna Düsseldorf,Germany,Japan,1991-05-09,27
8,9,4FW,Shinji Okazaki,113,50,Leicester City,England,Japan,1986-04-16,32
9,10,3MF,Shinji Kagawa,92,30,Borussia Dortmund,Germany,Japan,1989-03-17,29
10,11,3MF,Takashi Usami,24,3,Fortuna Düsseldorf,Germany,Japan,1992-05-06,26
11,12,1GK,Masaaki Higashiguchi,5,0,Gamba Osaka,Japan,Japan,1986-05-12,32
12,13,4FW,Yoshinori Muto,24,2,Mainz 05,Germany,Japan,1992-07-15,25
13,14,3MF,Takashi Inui,27,4,Eibar,Spain,Japan,1988-06-02,30
14,15,4FW,Yuya Osako,29,7,1. FC Köln,Germany,Japan,1990-05-18,28
15,16,3MF,Hotaru Yamaguchi,42,2,Cerezo Osaka,Japan,Japan,1990-10-06,27
16,17,3MF,Makoto Hasebe (captain),110,2,Eintracht Frankfurt,Germany,Japan,1984-01-18,34
17,18,3MF,Ryota Oshima,5,0,Kawasaki Frontale,Japan,Japan,1993-01-23,25
18,19,2DF,Hiroki Sakai,43,0,Marseille,France,Japan,1990-04-12,28
19,20,2DF,Tomoaki Makino,32,4,Urawa Red Diamonds,Japan,Japan,1987-05-11,31
20,21,2DF,Gōtoku Sakai,41,0,Hamburger SV,Germany,Japan,1991-03-14,27
21,22,2DF,Maya Yoshida,82,10,Southampton,England,Japan,1988-08-24,29
22,23,1GK,Kosuke Nakamura,4,0,Kashiwa Reysol,Japan,Japan,1995-02-27,23
0,1,1GK,Wojciech Szczęsny,35,0,Juventus,Italy,Poland,1990-04-18,28
1,2,2DF,Michał Pazdan,33,0,Legia Warsaw,Poland,Poland,1987-09-21,30
2,3,2DF,Artur Jędrzejczyk,36,3,Legia Warsaw,Poland,Poland,1987-11-04,30
3,4,2DF,Thiago Cionek,19,0,SPAL,Italy,Poland,1986-04-21,32
4,5,2DF,Jan Bednarek,3,0,Southampton,England,Poland,1996-04-12,22
5,6,3MF,Jacek Góralski,5,0,Ludogorets Razgrad,Bulgaria,Poland,1992-09-21,25
6,7,4FW,Arkadiusz Milik,40,12,Napoli,Italy,Poland,1994-02-28,24
7,8,3MF,Karol Linetty,20,1,Sampdoria,Italy,Poland,1995-02-02,23
8,9,4FW,Robert Lewandowski (captain),95,55,Bayern Munich,Germany,Poland,1988-08-21,29
9,10,3MF,Grzegorz Krychowiak,51,2,West Bromwich Albion,England,Poland,1990-01-29,28
10,11,3MF,Kamil Grosicki,57,12,Hull City,England,Poland,1988-06-08,30
11,12,1GK,Bartosz Białkowski,1,0,Ipswich Town,England,Poland,1987-07-06,30
12,13,3MF,Maciej Rybus,51,2,Lokomotiv Moscow,Russia,Poland,1989-08-19,28
13,14,4FW,Łukasz Teodorczyk,17,4,Anderlecht,Belgium,Poland,1991-06-03,27
14,15,2DF,Kamil Glik,57,4,Monaco,France,Poland,1988-02-03,30
15,16,3MF,Jakub Błaszczykowski,99,20,VfL Wolfsburg,Germany,Poland,1985-12-14,32
16,17,3MF,Sławomir Peszko,43,2,Lechia Gdańsk,Poland,Poland,1985-02-19,33
17,18,2DF,Bartosz Bereszyński,8,0,Sampdoria,Italy,Poland,1992-07-12,25
18,19,3MF,Piotr Zieliński,33,5,Napoli,Italy,Poland,1994-05-20,24
19,20,2DF,Łukasz Piszczek,63,3,Borussia Dortmund,Germany,Poland,1985-06-03,33
20,21,3MF,Rafał Kurzawa,3,0,Górnik Zabrze,Poland,Poland,1993-01-29,25
21,22,1GK,Łukasz Fabiański,45,0,Swansea City,Wales,Poland,1985-04-18,33
22,23,4FW,Dawid Kownacki,2,1,Sampdoria,Italy,Poland,1997-03-14,21
0,1,1GK,Abdoulaye Diallo,17,0,Rennes,France,Senegal,1992-03-30,26
1,2,2DF,Saliou Ciss,18,0,Valenciennes,France,Senegal,1989-06-15,28
2,3,2DF,Kalidou Koulibaly,26,0,Napoli,Italy,Senegal,1991-06-20,26
3,4,2DF,Kara Mbodji,52,5,Anderlecht,Belgium,Senegal,1989-11-22,28
4,5,3MF,Idrissa Gueye,61,1,Everton,England,Senegal,1989-09-26,28
5,6,3MF,Salif Sané,22,0,Hannover 96,Germany,Senegal,1990-08-25,27
6,7,4FW,Moussa Sow,51,18,Bursaspor,Turkey,Senegal,1986-01-19,32
7,8,3MF,Cheikhou Kouyaté (captain),48,2,West Ham United,England,Senegal,1989-12-21,28
8,9,4FW,Mame Biram Diouf,49,10,Stoke City,England,Senegal,1987-12-16,30
9,10,4FW,Sadio Mané,53,14,Liverpool,England,Senegal,1992-04-10,26
10,11,3MF,Cheikh N'Doye,26,3,Birmingham City,England,Senegal,1986-03-29,32
11,12,2DF,Youssouf Sabaly,5,0,Bordeaux,France,Senegal,1993-03-05,25
12,13,3MF,Alfred N'Diaye,21,0,Wolverhampton Wanderers,England,Senegal,1990-03-06,28
13,14,4FW,Moussa Konaté,28,10,Amiens,France,Senegal,1993-04-03,25
14,15,4FW,Diafra Sakho,12,3,Rennes,France,Senegal,1989-12-24,28
15,16,1GK,Khadim N'Diaye,26,0,Horoya,Guinea,Senegal,1985-04-05,33
16,17,3MF,Badou Ndiaye,20,1,Stoke City,England,Senegal,1990-10-27,27
17,18,4FW,Ismaïla Sarr,16,3,Rennes,France,Senegal,1998-02-25,20
18,19,4FW,M'Baye Niang,7,0,Torino,Italy,Senegal,1994-12-19,23
19,20,4FW,Keita Baldé,19,3,Monaco,France,Senegal,1995-03-08,23
20,21,2DF,Lamine Gassama,36,0,Alanyaspor,Turkey,Senegal,1989-10-20,28
21,22,2DF,Moussa Wagué,10,0,Eupen,Belgium,Senegal,1998-10-04,19
22,23,1GK,Alfred Gomis,1,0,SPAL,Italy,Senegal,1993-09-05,24
